thread_number,TITLE
thread 1,stock market live blog  s p 500 retreats from record after downbeat china data
thread 1,wall street edges lower after record  boeing drags
thread 1,five years after stock meltdown  most cleveland area companies have     
thread 1,weak china exports weigh on stocks  hit commodities
thread 1,earnings season and the dow  an early look
thread 1,us stocks dip on weak asian data  ukraine
thread 1,major averages climb off lows but remain in the red
thread 1,disappointing chinese trade data weighing on wall street   us commentary
thread 1,stocks fall on weak china export data
thread 1,global growth worries may pressure stocks
thread 1,stocks slip as investors keep eye on asia
thread 1,stocks down at midday on weak china export data
thread 1,midday market stats  the boeing company pressures the dow jones industrial     
thread 1,wall street edges lower after s p s record close
thread 1,wall st down on asian data
thread 1,stock market news for march 10  2014   market news
thread 1,u s  stocks open lower in subdued trade  dow jones down 0 28 
thread 1,stocks seeing modest weakness in early trading   u s  commentary
thread 1,today s stock market djia dow jones industrial average  nasdaq  s p 500 
thread 1,us  stocks open lower on weak asian data  ukraine
thread 1,stocks slip slightly
thread 1,major averages posting modest losses in early trading
thread 1,wall street edges lower after record
thread 1,us stocks wall street edges lower after record  boeing drags
thread 1,bull market celebrates its 5th birthday  but is the party over 
thread 1,market snapshot  us stocks held back by china  last week s moves
thread 1,market hustle  stocks fall on weak asian data  ukraine gas tensions
thread 1,asia worries send stocks sliding
thread 1,us stocks open lower on weak asian data
thread 1,stocks fall slightly at the open
thread 1,dow jones industrial average  5 year stock market crash anniversary  direxion     
thread 1,dow averaging 3  since 2000
thread 1,wall st opens lower after s p s record close
thread 1,us stocks snapshot wall st opens lower after s p s record close
thread 1,buyer beware  a bull market doesn t lift all stocks
thread 1,us stocks held back by china  last week s moves
thread 1,dow jones transportation average pushing higher
thread 1,futures pointing to a lower open on wall street
thread 2,huge 5 year fund returns  don t be misled
